{
  "version": 1,
  "author": "Master QAT",
  "editor": "wokwi",
  "parts": [
    { "type": "wokwi-breadboard-mini", "id": "bb1", "top": -1.4, "left": -117.6, "attrs": {} },
    { "type": "board-esp32-devkit-c-v4", "id": "esp", "top": -38.4, "left": -254.36, "attrs": {} },
    { "type": "chip-pulsesensor", "id": "chip2", "top": 29.82, "left": 62.4, "attrs": {} },
    {
      "type": "wokwi-led",
      "id": "led1",
      "top": -61.2,
      "left": -53.8,
      "attrs": { "color": "red" }
    },
    {
      "type": "board-ssd1306",
      "id": "oled1",
      "top": 137.54,
      "left": -76.57,
      "attrs": { "i2cAddress": "0x3c" }
    },
    {
      "type": "wokwi-resistor",
      "id": "r1",
      "top": -24.85,
      "left": -19.2,
      "attrs": { "value": "220" }
    }
  ],
  "connections": [
    [ "esp:TX", "$serialMonitor:RX", "", [] ],
    [ "esp:RX", "$serialMonitor:TX", "", [] ],
    [ "oled1:GND", "bb1:8t.e", "black", [ "v-96" ] ],
    [ "bb1:8t.b", "esp:GND.2", "green", [ "v0", "h-9.6" ] ],
    [ "chip2:VCC", "bb1:10b.f", "red", [ "h-86.4", "v28.8" ] ],
    [ "bb1:10b.h", "esp:3V3", "green", [ "v-9.6", "h-115.2", "v-19.2" ] ],
    [ "chip2:OUT0", "bb1:1t.d", "green", [ "h-172.8", "v-28.8" ] ],
    [ "esp:34", "bb1:1t.c", "green", [ "h144.15" ] ],
    [ "chip2:GND", "bb1:8t.c", "black", [ "h-105.6", "v-9.6" ] ],
    [ "oled1:SCL", "bb1:11t.e", "green", [ "v-28.8", "h9.9" ] ],
    [ "esp:22", "bb1:11t.a", "green", [ "h144" ] ],
    [ "oled1:SDA", "bb1:5t.e", "green", [ "v-28.8", "h-57.53", "v-67.2" ] ],
    [ "bb1:5t.d", "esp:21", "green", [ "v0" ] ],
    [ "led1:C", "bb1:8t.a", "green", [ "v0" ] ],
    [ "led1:A", "r1:1", "green", [ "v0" ] ],
    [ "esp:23", "bb1:15t.a", "green", [ "h182.4", "v9.6" ] ],
    [ "r1:2", "bb1:15t.b", "green", [ "v38.4", "h-10.8" ] ],
    [ "oled1:VCC", "bb1:10b.i", "red", [ "v0" ] ]
  ],
  "dependencies": {}
}